﻿<parameters>
  <parameter name="IIS Web Application Name" defaultValue="Api" tags="IisApp">
    <parameterEntry kind="ProviderPath" scope="IisApp" match="^c:\\users\\payal\\documents\\visual\ studio\ 2015\\Projects\\WebAPIShopBridge\\WebAPIShopBridge\\obj\\Release\\Package\\PackageTmp$" />
    <parameterEntry kind="ProviderPath" scope="setAcl" match="^c:\\users\\payal\\documents\\visual\ studio\ 2015\\Projects\\WebAPIShopBridge\\WebAPIShopBridge\\obj\\Release\\Package\\PackageTmp$" />
  </parameter>
  <parameter name="DefaultConnection-Web.config Connection String" description="DefaultConnection Connection String used in web.config by the application to access the database." defaultValue="Data Source=(LocalDb)\MSSQLLocalDB;AttachDbFilename=|DataDirectory|\aspnet-WebAPIShopBridge-20210324073037.mdf;Initial Catalog=aspnet-WebAPIShopBridge-20210324073037;Integrated Security=True" tags="SqlConnectionString">
    <parameterEntry kind="XmlFile" scope="c:\\users\\payal\\documents\\visual\ studio\ 2015\\Projects\\WebAPIShopBridge\\WebAPIShopBridge\\obj\\Release\\Package\\PackageTmp\\Web\.config$" match="/configuration/connectionStrings/add[@name='DefaultConnection']/@connectionString" />
  </parameter>
  <parameter name="dbShopBridgeEntities-Web.config Connection String" description="dbShopBridgeEntities Connection String used in web.config by the application to access the database." defaultValue="metadata=res://*/ShopBridge.csdl|res://*/ShopBridge.ssdl|res://*/ShopBridge.msl;provider=System.Data.SqlClient;provider connection string=&quot;data source=.;initial catalog=dbShopBridge;integrated security=True;MultipleActiveResultSets=True;App=EntityFramework&quot;" tags="SqlConnectionString">
    <parameterEntry kind="XmlFile" scope="c:\\users\\payal\\documents\\visual\ studio\ 2015\\Projects\\WebAPIShopBridge\\WebAPIShopBridge\\obj\\Release\\Package\\PackageTmp\\Web\.config$" match="/configuration/connectionStrings/add[@name='dbShopBridgeEntities']/@connectionString" />
  </parameter>
</parameters>